,City,Cloudiness,Country,Date,Humidity,Lat,Lng,Max Temp,Wind Speed
0,Gambela,68,ET,1536906519,92,8.25,34.59,66.8,3.69
1,Nemuro,40,JP,1536901200,78,43.32,145.57,73.4,9.17
2,Bluff,0,AU,1536906618,26,-23.58,149.07,85.07,9.17
3,Ushuaia,20,AR,1536904800,69,-54.81,-68.31,39.2,20.8
4,Mataura,8,NZ,1536906430,58,-46.19,168.86,57.08,12.75
5,Pangnirtung,8,CA,1536906619,92,66.15,-65.72,31.43,15.77
6,Khatanga,0,RU,1536906619,99,71.98,102.47,45.02,5.37
7,Itupiranga,0,BR,1536904800,94,-5.13,-49.33,75.2,4.14
8,Puerto Ayora,68,EC,1536906452,100,-0.74,-90.35,70.22,10.63
9,Dalvik,75,SE,1536904200,93,57.79,14.13,51.8,12.75
10,Bethel,1,US,1536904380,74,60.79,-161.76,55.94,4.7
11,Faya,0,SA,1536901200,33,18.39,42.45,77,4.03
12,Greensboro,90,US,1536906000,82,36.07,-79.79,77,16.11
13,Hithadhoo,80,MV,1536906621,100,-0.6,73.08,82.82,14.2
14,Vila Velha,0,BR,1536904800,78,-3.71,-38.6,77,13.87
15,Bambous Virieux,40,MU,1536904800,61,-20.34,57.76,77,13.87
16,Bela Vista,76,BR,1536906622,93,-22.11,-56.53,65.09,2.91
17,Punta Arenas,75,CL,1536904800,93,-53.16,-70.91,39.2,8.05
18,Chokurdakh,88,RU,1536906623,95,70.62,147.9,39.71,13.65
19,Ust-Koksa,0,RU,1536906623,50,50.27,85.62,46.1,2.57
21,Cam Ranh,76,VN,1536906624,100,11.92,109.15,79.58,4.7
22,Thompson,90,CA,1536904800,93,55.74,-97.86,42.8,13.87
23,Brody,20,UA,1536906624,74,50.08,25.14,67.25,4.36
24,Dolinsk,100,RU,1536903000,68,47.32,142.8,69.8,11.18
25,Qaanaaq,0,GL,1536906625,100,77.48,-69.36,24.23,6.15
26,Albany,75,US,1536904440,89,42.65,-73.75,66.02,2.57
27,New Norfolk,0,AU,1536904800,57,-42.78,147.06,69.8,18.34
28,Kodiak,1,US,1536904380,100,39.95,-94.76,68,3.36
29,Narsaq,92,GL,1536904200,86,60.91,-46.05,37.4,6.93
30,Kavieng,24,PG,1536906626,100,-2.57,150.8,83.72,2.35
31,Padang,12,ID,1536906431,100,-0.92,100.36,79.4,4.7
32,Rikitea,88,PF,1536906429,100,-23.12,-134.97,73.82,10.29
33,Niquero,0,CU,1536906366,100,20.04,-77.58,80.39,4.92
34,East London,0,ZA,1536904800,63,-33.02,27.91,60.8,9.17
35,Omboue,92,GA,1536906627,100,-1.57,9.26,75.62,10.4
36,Launceston,0,AU,1536904800,54,-41.43,147.14,59,25.28
37,Elizabeth City,90,US,1536905400,93,36.3,-76.22,81.14,18.79
38,Nichinan,75,JP,1536904800,88,31.65,131.31,84.2,5.82
40,Balkanabat,0,TM,1536906629,26,39.51,54.36,76.61,4.59
41,Bathsheba,40,BB,1536904800,78,13.22,-59.52,82.4,19.46
42,Mangrol,0,IN,1536906629,100,25.33,76.51,81.47,5.48
44,Bredasdorp,100,ZA,1536904800,67,-34.53,20.04,57.2,5.82
45,Sao Filipe,68,CV,1536906630,100,14.9,-24.5,75.89,6.38
46,Mirnyy,64,RU,1536906578,81,56.57,36.46,56.09,5.59
47,Atar,0,MR,1536906630,83,20.52,-13.05,70.85,2.57
48,Kavaratti,8,IN,1536906630,100,10.57,72.64,82.19,3.58
49,Pilar,90,AR,1536904800,82,-34.46,-58.91,59,9.17
50,Inuvik,20,CA,1536904800,86,68.36,-133.71,26.6,6.93
51,Castro,32,CL,1536906631,98,-42.48,-73.76,35.84,2.13
52,Kidal,36,ML,1536906632,38,18.44,1.41,74.36,3.13
53,Alyangula,0,AU,1536906563,81,-13.85,136.42,82.64,13.2
54,Matadi,92,CD,1536906632,91,-5.83,13.46,70.67,3.69
55,Hilo,75,US,1536904560,81,19.71,-155.08,78.08,4.7
57,Port Alfred,0,ZA,1536906445,92,-33.59,26.89,60.77,7.94
58,Muisne,76,EC,1536906633,94,0.61,-80.02,71.57,4.7
59,Mahina,32,ML,1536906633,100,13.76,-10.85,70.94,3.24
60,Barrow,0,AR,1536906634,93,-38.31,-60.23,49.79,8.61
61,Esperance,20,TT,1536904800,88,10.24,-61.45,78.8,6.15
62,Luwuk,8,ID,1536906634,69,-0.95,122.79,83.54,9.06
63,Tomatlan,80,MX,1536906635,96,19.93,-105.25,74.72,2.35
64,Whitehorse,75,CA,1536904800,75,60.72,-135.06,44.6,5.82
66,Arraial do Cabo,0,BR,1536906635,92,-22.97,-42.02,68.87,22.03
67,Jefferson City,1,US,1536905700,96,38.58,-92.17,69.98,2.35
68,Nhulunbuy,40,AU,1536905520,88,-12.18,136.78,78.8,11.41
69,Hermanus,36,ZA,1536906636,80,-34.42,19.24,53.57,7.27
70,Yumaguzino,92,RU,1536906637,49,52.9,56.39,68.51,10.51
71,San Cristobal,75,EC,1536904800,81,-0.39,-78.55,48.2,3.36
72,Luanda,75,AO,1536904800,83,-8.83,13.24,69.8,5.82
73,Port Hardy,40,CA,1536904800,93,50.7,-127.42,51.8,2.24
74,Lebanon,90,US,1536904560,89,43.64,-72.25,64.04,4.7
75,Fairbanks,40,US,1536904560,65,64.84,-147.72,57.2,5.82
76,Pervomayskiy,92,RU,1536906638,66,53.24,40.29,62.39,5.14
77,Jamestown,80,AU,1536906639,22,-33.21,138.6,76.79,21.03
78,Pizarro,56,CO,1536906912,100,4.95,-77.37,75.98,2.35
80,Kapaa,90,US,1536904560,90,22.08,-159.32,78.08,19.46
81,Ilulissat,24,GL,1536904200,74,69.22,-51.1,30.2,4.47
82,Bandarbeyla,0,SO,1536906913,78,9.49,50.81,75.17,22.7
83,Avarua,75,CK,1536904800,77,-21.21,-159.78,69.8,3.36
84,Georgetown,20,GY,1536904800,100,6.8,-58.16,71.6,4.7
85,Longyearbyen,75,NO,1536904200,100,78.22,15.63,32,5.82
86,Yerbogachen,76,RU,1536906915,51,61.28,108.01,46.55,3.69
87,Saskylakh,0,RU,1536906915,74,71.97,114.09,48.26,6.82
88,Sitka,0,US,1536906915,62,37.17,-99.65,77.69,16.78
89,Ziyang,88,CN,1536906916,95,30.12,104.65,70.94,4.59
90,Port Macquarie,0,AU,1536904800,50,-31.43,152.91,75.2,18.34
91,Airai,64,TL,1536906896,37,-8.93,125.41,84.71,1.45
92,Hinesville,1,US,1536904560,85,31.85,-81.6,78.8,3.36
93,Gigmoto,92,PH,1536906916,100,13.78,124.39,76.7,30.65
94,Ilhabela,24,BR,1536906917,98,-23.78,-45.36,69.14,4.36
95,Upernavik,56,GL,1536906917,100,72.79,-56.15,35.57,2.68
96,Provideniya,90,RU,1536903000,93,64.42,-173.23,46.4,8.95
97,Fethiye,20,TR,1536904200,64,36.62,29.12,71.6,5.82
98,Villeneuve-sur-Lot,90,FR,1536904800,93,44.41,0.7,60.8,6.93
99,Adrar,36,DZ,1536904800,38,27.87,-0.29,77,6.93
100,Oranjemund,8,ZA,1536906918,99,-28.55,16.43,56.54,15.66
101,Necochea,0,AR,1536906919,97,-38.55,-58.74,42.68,3.91
102,Kloulklubed,75,PW,1536904200,70,7.04,134.26,86,9.17
103,Tiksi,0,RU,1536906919,80,71.64,128.87,46.01,4.14
104,Susner,12,IN,1536906919,96,23.94,76.1,81.2,6.15
105,Hobart,0,AU,1536904800,52,-42.88,147.33,69.8,18.34
106,Cockburn Town,88,TC,1536906920,97,21.46,-71.14,83.63,16.44
107,Margate,0,AU,1536904800,57,-43.03,147.26,69.8,18.34
108,Tasiilaq,92,GL,1536904200,86,65.61,-37.64,39.2,1.12
109,Huambo,0,AO,1536901200,62,-12.78,15.73,59,5.82
110,La Baule-Escoublac,90,FR,1536904800,93,47.28,-2.4,53.6,3.36
111,Oum Hadjer,56,TD,1536906922,68,13.3,19.7,78.05,9.28
112,Mityana,20,UG,1536901200,88,0.4,32.05,69.8,5.82
114,Vaini,8,IN,1536906922,82,15.34,74.49,80.66,3.69
115,Lebu,44,ET,1536906923,80,8.96,38.73,61.67,3.58
116,Flinders,0,AU,1536904800,56,-34.58,150.85,71.6,9.17
117,Kassala,0,SD,1536906657,52,15.45,36.38,86.24,4.47
118,Kruisfontein,0,ZA,1536906924,92,-34,24.73,59.51,18.9
119,Mihail Kogalniceanu,20,RO,1536904800,68,44.37,28.45,69.8,9.17
120,Sawtell,8,AU,1536904800,73,-30.38,153.1,69.8,21.92
121,Tuktoyaktuk,90,CA,1536901200,92,69.44,-133.03,28.4,13.87
122,Comodoro Rivadavia,0,AR,1536904800,41,-45.87,-67.48,57.2,31.09
123,Lorengau,56,PG,1536906925,100,-2.02,147.27,83.54,7.27
124,Lavrentiya,88,RU,1536906925,95,65.58,-170.99,49.34,17.45
126,Dikson,64,RU,1536906926,99,73.51,80.55,38.99,19.46
127,Ulagan,0,RU,1536906926,41,50.63,87.96,43.94,3.02
129,Norman Wells,90,CA,1536904800,59,65.28,-126.83,37.4,8.05
130,Busselton,36,AU,1536906927,100,-33.64,115.35,58.34,19.46
131,Cidreira,92,BR,1536906927,92,-30.17,-50.22,62.3,10.18
132,Ucluelet,92,CA,1536906927,100,48.94,-125.55,50.42,1.9
133,Yuanping,20,CN,1536906927,75,38.72,112.71,65.99,3.02
134,Marawi,76,PH,1536906928,97,8,124.29,70.31,6.82
135,Jeremie,0,HT,1536906928,98,18.65,-74.12,79.04,3.58
138,Karakol,0,KG,1536906929,54,42.49,78.39,54.38,2.8
139,Vila Franca do Campo,20,PT,1536904800,77,37.72,-25.43,69.8,3.36
140,Nova Olimpia,36,BR,1536906929,83,-14.8,-57.29,72.47,2.8
141,Nikolskoye,0,RU,1536904800,87,59.7,30.79,53.6,13.42
142,Yellowknife,90,CA,1536904800,100,62.45,-114.38,32,6.93
143,Fortuna,75,ES,1536904800,94,38.18,-1.13,73.4,2.35
144,Butaritari,80,KI,1536906930,100,3.07,172.79,85.25,10.63
145,Cedar City,1,US,1536904380,6,37.68,-113.06,68,12.75
147,Geraldton,20,CA,1536904800,82,49.72,-86.95,62.6,10.29
148,Santa Isabel do Rio Negro,24,BR,1536906931,89,-0.41,-65.02,78.5,2.35
149,Mar del Plata,0,AR,1536906931,57,-46.43,-67.52,52.49,22.03
150,Paamiut,92,GL,1536906932,100,61.99,-49.67,37.55,4.59
151,Rawson,0,AR,1536906932,61,-43.3,-65.11,39.62,2.68
152,Bubaque,20,GW,1536904800,94,11.28,-15.83,77,4.25
153,Broome,0,GB,1536906000,76,52.47,1.45,55.4,6.93
154,Gasa,20,BT,1536906933,49,27.91,89.73,44.12,2.24
155,Wattegama,20,LK,1536906933,60,7.35,80.68,85.07,7.16
156,Victoria,90,BN,1536904800,74,5.28,115.24,87.8,4.7
157,Grindavik,0,IS,1536904800,75,63.84,-22.43,41,17.22
158,Galesong,40,ID,1536904800,46,-5.32,119.37,91.4,9.17
159,Anadyr,40,RU,1536904800,93,64.73,177.51,51.8,33.55
160,Grants,1,US,1536905700,8,35.15,-107.85,52.52,3.36
162,Cayenne,20,GF,1536904800,100,4.94,-52.33,73.4,2.24
163,Sayyan,0,YE,1536906936,26,15.17,44.32,76.16,3.58
164,Bhachau,88,IN,1536906936,67,23.3,70.35,85.52,13.98
165,Rome,0,IT,1536904500,82,41.89,12.48,69.8,3.36
166,Rapid Valley,1,US,1536905700,81,44.06,-103.15,62.24,3.36
167,Mogadishu,75,SO,1536904800,78,2.04,45.34,82.4,11.41
170,Camacari,40,BR,1536904800,69,-12.7,-38.32,77,10.29
172,Cherskiy,76,RU,1536906866,59,68.75,161.3,45.2,2.57
173,Naze,90,NG,1536901200,100,5.43,7.07,73.4,2.01
174,Sao Domingos,8,BR,1536906938,46,-13.4,-46.32,71.39,13.76
175,Klaksvik,92,FO,1536904200,93,62.23,-6.59,42.8,5.14
176,Carnarvon,0,ZA,1536906939,67,-30.97,22.13,36.47,4.25
177,Imbituba,75,BR,1536904800,93,-28.24,-48.67,64.4,3.36
178,Gat,12,SN,1536901200,94,14.69,-16.54,78.8,2.91
179,Ponta do Sol,56,BR,1536906940,96,-20.63,-46,58.61,2.24
180,Tura,92,IN,1536906855,93,25.52,90.21,80.66,2.35
181,Concarneau,0,FR,1536904800,100,47.88,-3.92,51.8,3.36
182,Zhanaozen,0,KZ,1536906940,22,43.35,52.85,74.45,13.09
183,Bandundu,68,CD,1536906941,99,-3.32,17.38,71.21,4.14
184,Saint George,0,GR,1536904200,64,39.45,22.34,68,3.36
185,Kikwit,0,CD,1536906941,96,-5.04,18.82,72.2,4.25
186,Tibati,92,CM,1536906942,100,6.47,12.63,64.73,2.68
189,Turukhansk,12,RU,1536906942,73,65.8,87.96,43.85,22.93
190,Emba,40,CY,1536904800,61,34.81,32.42,80.6,11.41
191,Santa Rita do Sapucai,44,BR,1536906943,97,-22.25,-45.7,57.26,7.38
192,Henties Bay,8,NA,1536906943,100,-22.12,14.28,53.12,2.46
193,Ligayan,0,PH,1536906943,96,4.65,119.47,85.34,16.44
194,Puerto Varas,75,CL,1536904800,100,-41.32,-72.98,42.8,5.82
195,Alice Springs,0,AU,1536904800,8,-23.7,133.88,89.6,13.87
196,Palana,92,RU,1536906944,97,59.08,159.95,43.49,6.82
197,Broken Hill,0,AU,1536906944,30,-31.97,141.45,77.96,13.53
198,Berezovyy,44,RU,1536906944,93,51.67,135.7,59.15,3.24
200,Denia,88,ES,1536906945,100,38.84,0.11,74.09,5.7
201,Saldanha,0,PT,1536906945,88,41.42,-6.55,52.22,3.58
202,San Juan,0,AR,1536906721,89,-31.54,-68.53,46.19,4.92
203,Nanortalik,92,GL,1536906946,100,60.14,-45.24,35.93,6.26
204,El Real de Santa Maria,76,PA,1536906947,100,8.11,-77.73,73.73,2.68
205,Sorland,75,NO,1536904200,81,67.67,12.69,50,20.8
207,Riyadh,56,SA,1536904800,7,24.63,46.72,98.6,5.82
208,Ngunguru,12,NZ,1536906948,95,-35.62,174.5,59.15,11.18
210,Half Moon Bay,90,US,1536904800,93,37.46,-122.43,60.98,8.05
211,Hami,0,CN,1536906948,84,42.84,93.51,58.25,3.13
213,Kawalu,8,ID,1536906949,58,-7.38,108.21,78.59,2.68
214,Mahebourg,40,MU,1536904800,61,-20.41,57.7,77,13.87
215,Pevek,92,RU,1536906910,90,69.7,170.27,48.62,9.06
216,Carauari,44,BR,1536906949,97,-4.88,-66.9,73.37,4.25
217,Aksu,0,KZ,1536904800,26,52.04,76.93,69.8,22.37
218,Ashoknagar,20,IN,1536906950,98,24.58,77.73,80.84,8.72
219,Birao,20,CF,1536906950,100,10.3,22.78,70.85,4.47
220,Boa Vista,40,BR,1536904800,88,2.82,-60.67,77,4.7
221,Dunedin,0,NZ,1536906692,81,-45.87,170.5,53.84,2.46
222,Santo Antonio do Sudoeste,92,BR,1536906952,98,-26.07,-53.73,62.84,4.81
223,Harper,90,US,1536904500,91,30.3,-99.24,73.94,6.6
224,Tenza,88,CO,1536906952,95,5.08,-73.42,64.37,1.9
225,Fuyu,0,CN,1536906953,77,47.79,124.46,71.12,6.93
226,Huangmei,8,CN,1536906953,83,30.1,115.95,86.15,4.36
227,Zyryanka,92,RU,1536906953,95,65.73,150.89,37.82,6.6
228,Orlik,24,RU,1536906954,58,52.51,99.83,35.21,6.38
229,Isangel,64,VU,1536906954,100,-19.55,169.27,74.18,17.9
230,Cape Town,75,ZA,1536904800,93,-33.93,18.42,53.6,9.17
231,Santa Marta,44,CO,1536906955,100,11.24,-74.21,81.11,7.05
232,Constitucion,0,MX,1536906924,64,23.99,-104.67,60.68,6.04
234,Tautira,20,PF,1536904800,69,-17.73,-149.15,78.8,3.36
236,Saint-Philippe,1,CA,1536904800,93,45.36,-73.48,64.4,2.24
237,Young,8,UY,1536906956,94,-32.7,-57.63,54.92,8.39
238,Satipo,12,PE,1536906956,88,-11.26,-74.64,64.37,1.79
239,La Sarre,0,CA,1536906742,84,48.8,-79.2,59.78,8.28
240,Ketrzyn,80,PL,1536906957,87,54.08,21.38,56.81,3.91
241,Puerto Colombia,75,CO,1536904800,100,10.99,-74.96,80.6,6.93
242,Thai Binh,80,VN,1536906958,87,20.45,106.33,85.07,6.6
244,Chaihe,0,CN,1536906958,60,44.77,129.68,72.47,4.7
245,Los Llanos de Aridane,0,ES,1536904800,94,28.66,-17.92,71.6,6.93
246,Uvalde,1,US,1536904500,92,29.21,-99.79,75.92,5.82
247,Mount Isa,0,AU,1536904800,13,-20.73,139.49,89.6,5.82
248,Arys,0,KZ,1536904800,23,42.43,68.8,73.4,8.95
251,La Ronge,90,CA,1536904800,100,55.1,-105.3,35.6,5.82
252,Kampong Chhnang,92,KH,1536906960,100,12.25,104.67,76.52,3.69
253,Springbok,0,ZA,1536903900,50,-29.67,17.88,53.6,2.24
254,Arlit,0,NE,1536906960,23,18.74,7.39,73.46,11.41
255,Aranos,0,NA,1536906961,23,-24.14,19.11,51.32,2.68
256,Komsomolskiy,92,RU,1536906877,100,67.55,63.78,45.74,9.62
257,Lompoc,1,US,1536904680,86,34.64,-120.46,57.02,3.36
258,Zhigansk,56,RU,1536906887,64,66.77,123.37,46.19,3.36
259,Atuona,12,PF,1536906962,100,-9.8,-139.03,79.4,17.78
260,Alcantara,92,PH,1536906962,100,9.97,123.41,76.88,22.03
261,Oss,0,NL,1536906540,100,51.77,5.51,46.4,1.12
262,Bontang,24,ID,1536906962,77,0.12,117.47,87.86,14.09
263,Alofi,64,NU,1536904800,88,-19.06,-169.92,71.6,12.75
264,Saint-Joseph,0,FR,1536904800,88,43.56,6.97,69.8,4.7
265,Luba,92,PH,1536906963,87,17.32,120.7,80.21,3.8
266,Kaitangata,44,NZ,1536906964,56,-46.28,169.85,57.35,14.76
267,Umea,0,SE,1536904200,93,63.83,20.26,48.2,3.36
268,Mughal Sarai,20,IN,1536906964,74,25.28,83.13,87.86,9.62
269,Shimoda,75,JP,1536904800,88,34.7,138.93,71.6,8.05
271,Emerald,0,AU,1536906965,27,-23.53,148.16,85.07,7.94
272,Deputatskiy,24,RU,1536906922,64,69.3,139.9,41.51,8.39
273,Petrykivka,0,UA,1536906600,68,48.71,34.62,69.8,8.95
274,Caibarien,40,CU,1536904200,94,22.52,-79.47,75.2,1.12
276,Faanui,92,PF,1536906966,100,-16.48,-151.75,80.03,13.53
277,Hasaki,75,JP,1536903000,78,35.73,140.83,77,4.7
278,Vao,0,EE,1536906967,81,59.1,26.19,54.74,7.94
280,Graham,90,US,1536906000,81,36.07,-79.4,77.18,17.22
281,Hofn,100,IS,1536906968,100,64.25,-15.21,45.38,6.93
282,Plettenberg Bay,0,ZA,1536906968,100,-34.05,23.37,58.52,16.78
283,Vila,75,IT,1536904500,93,45.18,8.4,66.2,2.24
284,Vredefort,0,ZA,1536906968,31,-27,27.37,51.95,3.02
285,Iqaluit,40,CA,1536904800,86,63.75,-68.52,30.2,4.7
286,Quatre Cocos,40,MU,1536904800,61,-20.21,57.76,77,13.87
287,Port Elizabeth,90,US,1536906120,100,39.31,-74.98,71.96,8.05
288,Severo-Kurilsk,36,RU,1536906871,84,50.68,156.12,55.91,7.61
289,Cabo Rojo,0,PR,1536906969,100,18.09,-67.15,80.75,16.78
290,Izobilnyy,0,RU,1536904800,40,45.37,41.71,73.4,13.42
291,Tyrma,0,RU,1536906970,60,50.04,132.17,64.19,7.38
292,Kalmanka,0,RU,1536904800,36,52.9,83.53,60.8,20.13
293,Coquimbo,90,CL,1536904800,81,-29.95,-71.34,53.6,2.24
295,Gbadolite,24,CD,1536906971,91,4.28,21,74.18,3.69
297,Vostok,0,RU,1536906971,76,46.45,135.83,63.11,4.7
298,Boundiali,24,CI,1536906972,94,9.53,-6.48,69.23,5.37
301,Torbat-e Jam,0,IR,1536906972,34,35.24,60.63,73.37,10.63
303,Vorukh,88,KG,1536906973,89,39.85,70.57,37.55,1.01
305,Vardo,90,US,1536905100,84,39.62,-77.74,73.94,6.93
306,Port Moresby,40,PG,1536904800,78,-9.47,147.16,80.6,18.34
307,Rio Gallegos,0,AR,1536904800,65,-51.62,-69.22,44.6,4.7
308,Delijan,0,IR,1536906974,28,33.99,50.69,74.63,3.58
309,Verkh-Usugli,56,RU,1536906974,73,52.7,115.17,46.64,6.93
310,Tongliao,56,CN,1536906975,72,43.61,122.27,80.03,14.88
311,Sola,75,NO,1536906000,81,58.89,5.65,55.4,6.93
313,Talaya,88,RU,1536906975,61,55.79,84.89,58.25,21.03
314,Otradnoye,0,RU,1536904800,87,59.77,30.8,53.6,13.42
317,Port-Cartier,5,CA,1536904800,93,50.03,-66.88,55.4,3.36
318,Luderitz,0,NA,1536906977,89,-26.65,15.16,49.88,10.85
319,Camocim,0,BR,1536906977,79,-2.9,-40.84,75.08,15.55
321,Balkhash,0,KZ,1536906977,85,46.84,74.98,62.3,9.95
323,Sistranda,75,NO,1536906000,81,63.73,8.83,50,12.75
324,Union,90,US,1536905040,93,47.36,-123.1,57.92,3.13
325,Solnechnyy,12,RU,1536906978,72,50.72,136.64,64.37,2.8
326,Pangai,75,TO,1536904800,83,-19.8,-174.35,73.4,17.22
327,Dehui,40,CN,1536901200,54,44.53,125.71,78.8,11.18
328,Verkhnevilyuysk,68,RU,1536906979,71,63.45,120.31,47,5.37
329,Praia da Vitoria,20,PT,1536904800,88,38.73,-27.07,71.6,10.85
331,Sorong,68,ID,1536906980,100,-0.86,131.25,82.19,9.4
332,Wonthaggi,0,AU,1536906980,47,-38.6,145.59,66.8,9.17
333,Souillac,0,FR,1536904800,82,45.6,-0.6,62.6,4.7
334,Markova,0,RU,1536904800,41,52.21,104.21,57.2,4.47
335,Sao Jose da Coroa Grande,80,BR,1536906981,81,-8.9,-35.15,73.55,8.72
336,Chuy,64,UY,1536906981,98,-33.69,-53.46,57.17,9.73
337,Port Blair,80,IN,1536906976,100,11.67,92.75,81.47,14.2
339,Shelburne,1,CA,1536904800,93,44.08,-80.2,69.8,8.72
340,La Libertad,0,PE,1536904800,24,-16.38,-71.56,48.2,5.82
341,Ouallam,20,NE,1536906983,76,14.32,2.08,72.47,10.51
342,Lata,8,IN,1536906983,95,30.78,78.62,63.92,1.9
343,Izacic,92,BA,1536906983,90,44.88,15.78,61.85,1.57
344,Kuusamo,75,FI,1536906000,93,65.96,29.19,48.2,10.29
345,Chazuta,0,PE,1536906984,92,-6.57,-76.13,73.19,0.67
346,Yabelo,88,ET,1536906984,74,4.89,38.09,69.14,5.03
347,Lasa,40,CY,1536904800,61,34.92,32.53,80.6,11.41
350,Puri,12,ID,1536906907,39,-7.54,112.45,88.67,10.18
351,Saint-Junien,90,FR,1536904800,100,45.89,0.9,57.2,5.82
352,Cabangahan,90,PH,1536904800,78,10.4,123.92,82.4,14.99
353,Belaya Gora,92,RU,1536906986,99,68.54,146.19,39.44,9.62
354,Salalah,90,OM,1536904200,78,17.01,54.1,78.8,9.17
355,Iracoubo,48,GF,1536906986,82,5.48,-53.21,78.14,5.14
356,Kommunar,0,RU,1536904800,87,59.62,30.39,53.6,13.42
357,Wuning,24,CN,1536906987,66,29.26,120.23,88.85,3.91
358,Tutoia,0,BR,1536906987,73,-2.76,-42.27,77.06,16.67
359,Bay Roberts,90,CA,1536904800,100,47.58,-53.28,50,8.05
360,Ipixuna,0,BR,1536904800,83,-1.76,-48.8,75.2,5.82
361,Sambava,92,MG,1536906988,100,-14.27,50.17,72.92,15.55
362,Rio Claro,8,BR,1536906988,88,-22.41,-47.56,63.02,11.18
363,Fort Frances,90,CA,1536904500,92,48.61,-93.4,69.08,5.82
364,Nome,1,US,1536905700,89,30.04,-94.42,78.98,4.7
365,High Rock,0,BS,1536906989,98,26.63,-78.28,84.35,8.39
366,Nexo,56,DK,1536906000,67,55.06,15.13,62.6,11.41
367,Leshukonskoye,92,RU,1536906990,90,64.9,45.76,51.59,5.7
368,Sinnamary,88,GF,1536906990,96,5.38,-52.96,81.83,13.42
369,Genhe,80,CN,1536906990,67,50.78,121.52,56.81,4.25
371,Xiamen,20,CN,1536904800,47,24.46,118.07,95,13.42
372,Bassar,20,TG,1536904800,100,9.26,0.78,71.6,2.24
373,Saint Anthony,1,US,1536904560,6,43.97,-111.68,57.92,3.02
374,Amahai,88,ID,1536906991,100,-3.31,129,78.59,6.6
375,Vigrestad,75,NO,1536904200,81,58.57,5.7,51.8,6.93
376,Antalaha,80,MG,1536906992,97,-14.9,50.28,71.84,8.72
377,Atbasar,32,KZ,1536906992,50,51.81,68.36,63.11,20.47
378,Bereda,75,ES,1536904800,93,43.27,-7.54,62.6,4.7
379,Palomares,0,ES,1536904800,87,40.39,-5.74,53.6,1.12
380,Ostersund,0,SE,1536904200,81,63.18,14.64,46.4,4.7
381,Garwa,8,IN,1536906993,100,27.63,81.51,84.71,4.7
383,Didsbury,75,CA,1536904800,92,51.66,-114.14,30.2,4.7
384,Arrifes,20,PT,1536904800,77,37.77,-25.7,69.8,3.36
385,Altamont,1,CA,1536905700,100,49.4,-98.5,53.6,9.95
386,Qaqortoq,92,GL,1536904200,86,60.72,-46.03,37.4,6.93
387,Asyut,0,EG,1536901200,46,27.18,31.19,73.4,2.24
388,Lagos,40,NG,1536904800,94,6.46,3.39,73.4,2.24
389,Codrington,0,AU,1536906992,65,-28.95,153.24,74.63,3.24
390,Englewood,1,US,1536904680,5,39.65,-104.99,78.8,8.05
391,Bridgetown,5,CA,1536904800,93,44.84,-65.29,53.6,4.47
392,Wagar,24,US,1536906996,96,31.44,-87.99,74.72,2.35
393,Watertown,1,US,1536905700,100,44.9,-97.12,75.02,8.05
394,Paragominas,24,BR,1536906997,92,-3,-47.35,70.67,3.8
395,Linkoping,0,SE,1536904200,81,58.41,15.62,53.6,10.29
397,Baykit,64,RU,1536906997,76,61.68,96.39,38.54,4.14
398,Khuzhir,68,RU,1536906998,82,53.19,107.35,47.9,11.18
399,Shingu,75,JP,1536901200,83,33.72,135.99,77,5.82
400,Shakawe,0,BW,1536906998,22,-18.36,21.84,64.1,5.59
401,Bismarck,1,US,1536904320,74,46.81,-100.78,55.04,4.7
402,Dubbo,0,AU,1536904800,11,-32.25,148.6,80.6,11.41
403,Tuatapere,0,NZ,1536906999,80,-46.13,167.69,54.65,15.1
404,Abalak,12,NE,1536906999,82,15.46,6.28,70.22,7.16
405,Huilong,12,CN,1536906999,69,28.89,110.18,82.37,3.02
406,Kamaishi,75,JP,1536904800,69,39.28,141.86,78.8,6.93
407,Romitan,0,UZ,1536904800,18,39.93,64.38,73.4,13.87
408,Andros Town,40,BS,1536901200,83,24.73,-77.79,78.8,5.82
409,Conceicao do Araguaia,12,BR,1536907001,88,-8.26,-49.26,70.31,2.68
410,Port Arthur,1,US,1536905700,89,29.9,-93.93,82.4,4.7
411,Halifax,5,CA,1536904800,93,44.65,-63.58,57.2,3.36
412,Sindal,75,DK,1536906000,93,57.48,10.2,53.6,6.93
415,Hangu,20,PK,1536906600,54,33.53,71.06,84.2,6.93
416,Springdale,1,US,1536904680,90,36.19,-94.13,71.06,5.82
417,Walla Walla,1,US,1536904560,42,46.06,-118.33,60.08,8.05
418,Yulara,0,AU,1536904800,6,-25.24,130.99,93.2,14.99
419,Sayat,0,TM,1536901200,18,38.78,63.88,73.4,6.93
420,Dongsheng,12,CN,1536907004,66,29.72,112.52,90.11,5.26
421,Bougouni,88,ML,1536907004,97,11.42,-7.49,70.67,7.38
422,Bundaberg,0,AU,1536907004,88,-24.87,152.35,71.39,9.4
424,Sept-Iles,5,CA,1536904800,93,50.2,-66.38,55.4,3.36
425,Kamenka,92,RU,1536907005,88,53.19,44.05,63.02,4.14
426,Avera,1,US,1536904500,82,33.19,-82.53,80.06,4.7
427,Moa,64,CU,1536907006,94,20.66,-74.95,73.64,2.57
429,Cabo San Lucas,0,MX,1536907007,100,22.89,-109.91,84.17,8.05
430,Kijang,90,KR,1536904800,88,35.24,129.21,75.2,11.41
431,Inverell,0,AU,1536907007,57,-29.78,151.11,67.97,5.37
432,Tilichiki,88,RU,1536907007,95,60.47,166.1,47.9,9.06
433,Guerrero Negro,0,MX,1536907008,100,27.97,-114.04,67.97,6.93
434,Srednekolymsk,92,RU,1536907008,85,67.46,153.71,37.55,3.58
435,Chateaudun,75,FR,1536904800,87,48.08,1.33,51.8,4.7
436,Beringovskiy,92,RU,1536907008,100,63.05,179.32,50.24,17.67
437,Tambun,75,MY,1536904800,59,4.62,101.14,91.4,3.36
438,Limon,1,US,1536904500,49,39.26,-103.69,50,3.36
439,Zhuhai,40,CN,1536904800,53,40.71,112.04,71.6,8.95
440,Xinzhou,64,CN,1536907010,83,38.41,112.73,67.25,3.69
441,Marica,0,BR,1536904800,77,-22.92,-42.82,68,3.36
443,Pacific Grove,1,US,1536904500,83,36.62,-121.92,59,4.7
444,Hambantota,36,LK,1536907010,90,6.12,81.12,83.63,12.3
445,Marsh Harbour,24,BS,1536906913,99,26.54,-77.06,83.9,11.52
446,Ribeira Grande,75,PT,1536904800,88,38.52,-28.7,71.6,9.17
447,Makinsk,0,KZ,1536907011,49,52.63,70.42,64.73,21.25
451,Ondangwa,0,NA,1536907012,22,-17.91,15.98,56.36,2.8
453,Leningradskiy,92,RU,1536907004,89,69.38,178.42,44.3,19.69
454,Agadir,75,MA,1536904800,83,30.42,-9.58,69.8,5.82
455,Petawawa,1,CA,1536905520,100,45.89,-77.27,53.6,2.46
456,Rocha,76,UY,1536907013,96,-34.48,-54.34,54.56,6.04
458,Namibe,76,AO,1536907014,100,-15.19,12.15,64.82,1.68
459,Aklavik,20,CA,1536904800,86,68.22,-135.01,26.6,6.93
460,Bonthe,92,SL,1536907014,100,7.53,-12.5,71.39,2.01
461,Yar-Sale,92,RU,1536906968,100,66.83,70.83,49.7,8.95
462,Wembley,64,GB,1536906000,81,51.55,-0.3,53.6,5.82
463,Majene,0,ID,1536907015,85,-3.54,118.97,85.43,16.22
464,Jaru,12,BR,1536907015,92,-10.43,-62.48,74,2.13
465,Parrita,75,CR,1536904800,94,9.52,-84.33,69.8,2.24
466,Jining,56,CN,1536907015,77,35.41,116.58,79.22,4.47
467,Yibin,92,CN,1536907016,93,28.77,104.64,69.77,3.69
468,Gualaquiza,36,EC,1536907016,81,-3.4,-78.58,62.84,2.91
469,Auray,0,FR,1536904800,100,47.67,-2.99,44.6,2.24
471,Tessalit,0,ML,1536907017,29,20.2,1.01,74,3.02
472,Kahului,20,US,1536904560,81,20.89,-156.47,80.06,17.22
473,Takoradi,64,GH,1536907018,100,4.89,-1.75,75.26,7.05
474,Tazovskiy,92,RU,1536907018,94,67.47,78.7,37.82,29.08
475,Taoudenni,24,ML,1536907018,35,22.68,-3.98,77.24,11.97
476,Inhambane,20,MZ,1536904800,78,-23.87,35.38,73.4,11.41
477,Koundara,68,GN,1536907019,98,12.49,-13.3,70.31,4.92
478,Axim,68,GH,1536907019,100,4.87,-2.24,76.52,9.4
479,Kinsale,75,IE,1536906600,93,51.71,-8.52,53.6,10.29
480,Nabire,88,ID,1536907020,91,-3.36,135.5,74.18,1.9
481,Kangaatsiaq,80,GL,1536907020,100,68.31,-53.46,37.19,4.92
482,Smithers,1,CA,1536904800,61,54.78,-127.17,32,6.93
483,Xiongzhou,40,CN,1536904800,62,32.34,118.83,86,2.24
484,Pula,75,EC,1536904800,78,-1.95,-79.93,71.6,9.17
485,Pisco,0,PE,1536904800,87,-13.71,-76.2,60.8,8.05
487,Kralendijk,76,BQ,1536904500,83,12.15,-68.27,80.6,1.12
488,Peniche,90,PT,1536904800,100,39.36,-9.38,62.6,3.36
490,Ostrovnoy,88,RU,1536907022,100,68.05,39.51,46.19,4.7
491,Pecos,1,US,1536904500,70,31.42,-103.49,73.76,9.17
494,Ankang,100,CN,1536907023,98,32.73,108.99,63.29,2.57
495,Ust-Nera,0,RU,1536907024,59,64.57,143.24,39.8,2.46
497,Yangjiang,64,CN,1536907024,100,21.85,111.96,82.55,10.74
498,Okhotsk,0,RU,1536907024,79,59.36,143.24,54.65,4.14
499,Kaabong,12,UG,1536907025,51,3.51,34.14,72.47,3.13
501,Ekhabi,88,RU,1536907025,100,53.51,142.97,57.53,5.93
502,Weligama,76,LK,1536907025,77,5.97,80.42,84.08,9.95
503,Paignton,40,GB,1536906000,87,50.44,-3.56,53.6,1.12
504,Radom,76,PL,1536907021,83,51.4,21.15,60.05,9.95
505,Huarmey,0,PE,1536907026,85,-10.07,-78.15,52.85,3.36
507,Bilma,0,NE,1536907026,38,18.69,12.92,71.57,3.24
508,Mangai,0,CD,1536907027,86,-4.07,19.59,75.62,2.35
510,Xingcheng,24,CN,1536907027,72,40.62,120.71,78.41,9.62
511,Rumonge,44,BI,1536907028,95,-3.97,29.44,75.62,3.24
512,Rzhev,0,RU,1536907028,83,56.26,34.33,54.92,4.59
513,Oistins,40,BB,1536904800,78,13.07,-59.53,82.4,19.46
514,Antofagasta,90,CL,1536904800,71,-23.65,-70.4,57.2,2.24
515,Sur,0,OM,1536907029,92,22.57,59.53,84.35,1.9
516,Terney,0,RU,1536907029,70,45.05,136.61,68.42,8.72
517,Banda Aceh,44,ID,1536906849,75,5.56,95.32,84.8,4.47
519,San Carlos de Bariloche,0,AR,1536904800,80,-41.13,-71.31,33.8,4.7
520,Strezhevoy,40,RU,1536903000,81,60.73,77.6,53.6,17.9
521,San Isidro,88,PH,1536907031,88,16.74,121.63,81.74,17
522,Colchester,0,GB,1536906000,81,51.89,0.9,53.6,6.93
523,Balabac,92,PH,1536907032,100,7.99,117.06,76.25,24.27
524,Pangody,92,RU,1536907032,98,65.85,74.49,48.8,8.61
525,Russell,0,AR,1536904800,81,-33.01,-68.8,50,3.13
527,Hessisch Lichtenau,90,DE,1536906000,100,51.2,9.72,53.6,2.24
528,Aberdare,92,GB,1536904200,87,51.71,-3.45,53.6,4.7
529,Ghanzi,0,BW,1536907033,21,-21.7,21.65,62.75,9.17
530,Khairagarh,0,IN,1536907034,68,21.42,80.98,88.22,6.49
531,Cumberland,75,US,1536906600,100,41.97,-71.43,66.02,2.35
532,Samarai,92,PG,1536906913,100,-10.62,150.67,77.69,16.22
533,Ardabil,0,IR,1536904800,56,38.25,48.3,68,4.7
534,Jumla,44,NP,1536907035,96,29.28,82.18,48.89,1.57
535,Bayeux,0,FR,1536904800,100,49.28,-0.7,55.4,5.82
536,Camacha,40,PT,1536904800,83,33.08,-16.33,69.8,8.05
537,Torbay,90,CA,1536904800,100,47.66,-52.73,50,8.05
538,Copiapo,0,CL,1536904800,81,-27.37,-70.33,53.6,5.82
539,Tiznit,0,MA,1536907036,94,29.7,-9.73,65.9,2.13
540,Kui Buri,40,TH,1536904800,59,12.07,99.86,91.4,5.82
541,Lima,12,PE,1536907036,81,-12.06,-77.04,53.39,2.24
542,Moyale,100,ET,1536907037,82,3.52,39.05,68.15,8.16
543,Jiayuguan,68,CN,1536906943,84,39.77,98.29,42.95,3.8
544,Havre-Saint-Pierre,20,CA,1536904800,93,50.23,-63.6,55.4,9.17
545,Hailey,40,US,1536905700,46,43.52,-114.32,50,10.29
546,Ciudad Bolivar,56,VE,1536907038,84,8.12,-63.55,77.42,7.27
547,Raudeberg,75,NO,1536906000,76,61.99,5.14,51.8,21.92
548,Road Town,20,VG,1536904380,74,18.42,-64.62,82.94,19.46
549,Catabola,0,AO,1536907039,72,-12.14,17.29,63.47,2.91
550,Sal Rei,75,CV,1536904800,88,16.18,-22.92,78.8,4.7
551,Kenai,1,US,1536904560,82,60.55,-151.26,51.98,2.24
552,Marrakesh,0,MA,1536903000,88,31.63,-7.99,68,2.24
553,Hamilton,40,CA,1536904800,93,43.26,-79.87,69.8,8.05
554,George,40,NG,1536904800,94,6.63,3.35,73.4,2.24
555,Colac,0,AU,1536907040,54,-38.34,143.59,66.17,10.29
556,Lunca de Sus,0,RO,1536907041,92,46.53,25.96,55.46,2.24
557,Hualmay,24,PE,1536907041,90,-11.1,-77.61,52.4,5.03
558,Artyom,20,RU,1536904800,64,43.36,132.19,75.2,8.95
559,Bradford,20,GB,1536906000,81,53.79,-1.75,55.4,12.75
560,Santa Maria,92,BR,1536907042,100,-29.69,-53.81,60.77,3.8
561,Beloha,0,MG,1536907042,48,-25.17,45.06,74.72,4.7
562,Zambezi,0,ZM,1536907043,34,-13.55,23.12,64.64,11.41
563,Mayor Pablo Lagerenza,92,PY,1536907043,99,-19.93,-60.77,68.87,7.94
564,Caborca,0,MX,1536907043,42,30.58,-111.1,75.8,4.92
565,Poya,56,NC,1536907044,100,-21.35,165.16,70.85,9.84
566,Oktyabrskiy,0,RU,1536904800,67,55.61,37.97,57.2,2.24
567,Tanete,8,ID,1536907045,43,-3.94,119.78,89.39,14.2
568,Clyde River,90,CA,1536904800,100,70.47,-68.59,33.8,9.17
569,Tepepa,64,MX,1536907045,98,18.4,-97.1,56.09,0.34
570,Tabas,0,IR,1536904800,8,33.6,56.92,91.4,4.7
571,Dubove,0,UA,1536904800,77,48.18,23.89,62.6,2.24
572,Kontagora,68,NG,1536907046,97,10.4,5.47,71.39,3.58
573,Laguna,0,MX,1536907046,63,27.52,-110.01,83.99,2.35
574,Misratah,0,LY,1536907041,96,32.38,15.09,75.44,4.92
575,Payakumbuh,20,ID,1536907047,78,-0.23,100.63,82.55,3.13
576,Khelyulya,20,RU,1536907047,100,61.73,30.68,53.48,8.84
577,Maceio,40,BR,1536904800,93,-9.67,-35.74,64.4,5.82
578,Liyang,68,CN,1536907047,80,31.42,119.48,84.35,4.36
579,Tongzi,100,CN,1536907048,98,28.78,105.09,70.22,4.14
580,Izhma,92,RU,1536907048,100,65.01,53.91,49.7,6.71
581,Vaitape,76,PF,1536907048,99,-16.52,-151.75,79.85,12.19
582,Panaba,8,MX,1536907048,91,21.28,-88.27,76.52,3.13
583,Georgiyevka,88,RU,1536907049,66,52.25,40.45,68.87,6.38
584,Mbekenyera,8,TZ,1536907049,79,-10,38.98,72.65,3.13
585,Presidencia Roque Saenz Pena,56,AR,1536906977,97,-26.79,-60.44,62.21,7.94
586,Novo Horizonte,56,BR,1536907050,89,-12.81,-42.17,60.05,12.86
587,Verkhoyansk,0,RU,1536906986,55,67.55,133.39,47.54,3.69
588,Mirabad,0,IR,1536907050,12,28.27,61.33,81.47,15.32
589,Belo Oriente,100,BR,1536907050,79,-19.22,-42.48,64.01,8.28
590,Dzhebariki-Khaya,24,RU,1536907051,68,62.22,135.8,51.05,3.47
591,Te Anau,12,NZ,1536906978,69,-45.41,167.72,49.52,8.5
592,Longyan,0,CN,1536907051,66,25.1,117.03,85.34,2.57
593,Devaprayag,44,IN,1536907051,88,30.15,78.62,75.89,2.68
594,Fayaoue,88,NC,1536907051,99,-20.65,166.53,73.82,13.98
595,Pasni,0,PK,1536907052,83,25.26,63.48,83.54,7.16
596,Salinopolis,0,BR,1536907052,96,-0.61,-47.36,80.57,18.68
597,Camopi,80,GF,1536907052,77,3.17,-52.33,78.14,2.91
598,Ushtobe,0,KZ,1536907053,26,45.25,77.98,68.42,6.26
599,Les Cayes,8,HT,1536907053,100,18.19,-73.75,81.02,2.46
600,Bafoulabe,32,ML,1536907053,100,13.81,-10.83,70.94,3.24
602,Ballina,75,IE,1536906600,100,54.11,-9.15,48.2,6.93
603,Jacareacanga,48,BR,1536907054,98,-6.22,-57.76,72.29,2.8
604,Matam,8,SN,1536907015,97,15.66,-13.26,72.29,2.91
605,North Bend,90,US,1536906300,100,43.41,-124.22,55.4,1.45
606,Salekhard,80,RU,1536907055,100,66.54,66.62,47.27,8.84
607,San Pedro,12,AR,1536907021,98,-33.68,-59.66,51.95,10.63
608,Mankono,44,CI,1536907056,93,8.06,-6.19,69.32,4.59
609,Ust-Kulom,92,RU,1536907057,95,61.69,53.69,52.4,10.18
610,Batagay-Alyta,0,RU,1536907057,78,67.8,130.41,43.04,2.57
612,Kalmunai,24,LK,1536907057,77,7.42,81.82,87.59,6.49
613,Guadalupe,75,MX,1536903900,74,25.68,-100.26,78.8,4.7
614,San Joaquin,92,PH,1536907058,100,10.59,122.14,74.63,17.22
615,Kutoarjo,44,ID,1536907058,80,-7.72,109.9,78.05,10.07
616,Fomboni,36,KM,1536907059,100,-12.28,43.74,77.33,5.59
619,Simao,68,CN,1536907059,89,22.76,100.79,73.37,0.89
621,Vynohradove,80,UA,1536907060,65,46.37,32.94,71.3,14.2
622,Joshimath,0,IN,1536907060,78,30.57,79.57,38.72,0.56
623,Upata,36,VE,1536907060,93,8.02,-62.41,72.47,4.92
624,Nadym,88,RU,1536907061,100,65.53,72.51,51.23,6.15
625,General Pico,0,AR,1536907061,87,-35.66,-63.75,48.53,3.13
626,Trud,0,BG,1536906600,64,42.23,24.73,69.8,2.24
627,Gwanda,0,ZW,1536907061,35,-20.94,29,68.24,3.13
628,Touros,0,BR,1536906844,85,-5.2,-35.46,73.55,15.99
629,Grand Gaube,40,MU,1536904800,61,-20.01,57.66,77,13.87
630,Ulladulla,0,AU,1536904800,56,-35.36,150.48,71.6,9.17
631,Kuching,75,MY,1536904800,55,1.56,110.34,91.4,6.93
632,Lagoa,0,PT,1536904800,94,37.14,-8.45,69.8,6.93
633,Morondava,8,MG,1536907063,79,-20.3,44.28,75.53,3.36
634,Boyolangu,12,ID,1536906952,39,-8.09,111.9,88.67,10.18
